name,description,website_url
Org 1,desc 1,https://1.com
Org 2,desc 2,https://2.com
Org 3,desc 3,https://3.com
Org 4,desc 4,https://4.com
Org 5,desc 5,https://5.com
Org 6,desc 6,https://6.com
Org 7,desc 7,https://7.com
Org 8,desc 8,https://8.com
Org 9,desc 9,https://9.com
Org 10,desc 10,https://10.com
Org 11,desc 11,https://11.com
Org 12,desc 12,https://12.com
Org 13,desc 13,https://13.com
Org 14,desc 14,https://14.com
Org 15,desc 15,https://15.com
Org 16,desc 16,https://16.com
Org 17,desc 17,https://17.com
Org 18,desc 18,https://18.com
Org 19,desc 19,https://19.com
Org 20,desc 20,https://20.com
Org 21,desc 21,https://21.com
Org 22,desc 22,https://22.com
Org 23,desc 23,https://23.com
Org 24,desc 24,https://24.com
Org 25,desc 25,https://25.com
Org 26,desc 26,https://26.com
Org 27,desc 27,https://27.com
Org 28,desc 28,https://28.com
Org 29,desc 29,https://29.com
Org 30,desc 30,https://30.com
Org 31,desc 31,https://31.com
Org 32,desc 32,https://32.com
Org 33,desc 33,https://33.com
Org 34,desc 34,https://34.com
Org 35,desc 35,https://35.com
Org 36,desc 36,https://36.com
Org 37,desc 37,https://37.com
Org 38,desc 38,https://38.com
Org 39,desc 39,https://39.com
Org 40,desc 40,https://40.com
Org 41,desc 41,https://41.com
Org 42,desc 42,https://42.com
Org 43,desc 43,https://43.com
Org 44,desc 44,https://44.com
Org 45,desc 45,https://45.com
Org 46,desc 46,https://46.com
Org 47,desc 47,https://47.com
Org 48,desc 48,https://48.com
Org 49,desc 49,https://49.com
Org 50,desc 50,https://50.com
Org 51,desc 51,https://51.com
Org 52,desc 52,https://52.com
Org 53,desc 53,https://53.com
Org 54,desc 54,https://54.com
Org 55,desc 55,https://55.com
Org 56,desc 56,https://56.com
Org 57,desc 57,https://57.com
Org 58,desc 58,https://58.com
Org 59,desc 59,https://59.com
Org 60,desc 60,https://60.com
Org 61,desc 61,https://61.com
Org 62,desc 62,https://62.com
Org 63,desc 63,https://63.com
Org 64,desc 64,https://64.com
Org 65,desc 65,https://65.com
Org 66,desc 66,https://66.com
Org 67,desc 67,https://67.com
Org 68,desc 68,https://68.com
Org 69,desc 69,https://69.com
Org 70,desc 70,https://70.com
Org 71,desc 71,https://71.com
Org 72,desc 72,https://72.com
Org 73,desc 73,https://73.com
Org 74,desc 74,https://74.com
Org 75,desc 75,https://75.com
Org 76,desc 76,https://76.com
Org 77,desc 77,https://77.com
Org 78,desc 78,https://78.com
Org 79,desc 79,https://79.com
Org 80,desc 80,https://80.com
Org 81,desc 81,https://81.com
Org 82,desc 82,https://82.com
Org 83,desc 83,https://83.com
Org 84,desc 84,https://84.com
Org 85,desc 85,https://85.com
Org 86,desc 86,https://86.com
Org 87,desc 87,https://87.com
Org 88,desc 88,https://88.com
Org 89,desc 89,https://89.com
Org 90,desc 90,https://90.com
Org 91,desc 91,https://91.com
Org 92,desc 92,https://92.com
Org 93,desc 93,https://93.com
Org 94,desc 94,https://94.com
Org 95,desc 95,https://95.com
Org 96,desc 96,https://96.com
Org 97,desc 97,https://97.com
Org 98,desc 98,https://98.com
Org 99,desc 99,https://99.com
Org 100,desc 100,https://100.com
